date,open,high,low,close,volume
4/24/2018,7173.9902,7195.7202,6961.521,7007.3525,3508851892
4/20/2018,7153.8701,7319.5801,7115.8501,7146.1299,9488140000
4/13/2018,6971.4502,7183.6201,6944.96,7106.6499,9936540000
4/6/2018,7016.1699,7112.3799,6805.96,6915.1099,11452510000
3/29/2018,7125.2002,7255.54,6901.0698,7063.4502,9725220000
3/23/2018,7419.2002,7421.23,6992.6699,6992.6699,11018080000
3/16/2018,7581.04,7637.27,7463.1899,7481.9902,11886280000
3/9/2018,7222.8901,7560.8101,7205.3101,7560.8101,58225720000
3/2/2018,7373.2998,7438.0898,7084.8301,7257.8701,11172700000
2/23/2018,7209.0298,7338.6401,7194.8398,7337.3901,7648540000
2/16/2018,6936.6802,7303.2598,6879.6899,7239.4702,10399080000
2/9/2018,7165.96,7277.3599,6630.6699,6874.4902,14468560000
2/2/2018,7484.4702,7500.6099,7238.1802,7240.9502,11554350000
1/26/2018,7338.04,7505.77,7332.8101,7505.77,10623380000
1/19/2018,7307.1899,7336.3799,7205.9302,7336.3799,8638700000
1/12/2018,7135.3799,7265.2598,7111.52,7261.0601,8160110000
1/5/2018,6937.6499,7137.04,6924.0801,7136.5601,8201500000
12/29/2017,6928.9199,6955.3799,6903.3901,6903.3901,5596930000
12/22/2017,6980.3999,7003.8901,6935.4199,6959.96,9444840000
12/15/2017,6847.6401,6945.8198,6844.8799,6936.5801,11095710000
12/8/2017,6897.1299,6899.23,6734.1299,6840.0801,10142120000
12/1/2017,6889.9102,6914.1899,6737.1602,6847.5898,10978820000
11/24/2017,6789.2798,6890.02,6779.4902,6889.1602,6121150000
11/17/2017,6727.3901,6806.6699,6667.3101,6782.79,9857290000
11/10/2017,6763.2998,6795.52,6687.2798,6750.9399,10691880000
11/3/2017,6693.77,6765.1401,6677.1499,6764.4399,10572340000
10/27/2017,6641.5698,6708.1299,6517.9302,6701.2598,10354490000
10/20/2017,6622.5498,6640.0298,6558.5298,6629.0498,8629420000
10/13/2017,6597.3701,6616.5801,6561.7798,6605.7998,8877000000
10/6/2017,6506.0801,6590.1802,6484.1401,6590.1802,9502930000
9/29/2017,6403.1099,6497.98,6343.96,6495.96,9826840000
9/22/2017,6460.1001,6477.77,6400.8101,6426.9199,9148560000
9/15/2017,6411.1802,6464.27,6410.71,6448.4702,10136760000
9/8/2017,6414.8198,6426.5098,6334.5898,6360.1899,7576920000
9/1/2017,6286.0098,6449.6499,6228.73,6435.3301,8282150000
8/25/2017,6216.3198,6308.7202,6177.1899,6265.6401,7766670000
8/18/2017,6306.1099,6374.5601,6193.3799,6216.5298,9089160000
8/11/2017,6361.0601,6423.3501,6214.4102,6256.5601,9649530000
8/4/2017,6394.6899,6396.5898,6313.4302,6351.5601,9829040000
7/28/2017,6387.8198,6460.8398,6318.6201,6374.6802,9993120000
7/21/2017,6320.3501,6398.2598,6291.0698,6387.75,8799320000
7/14/2017,6156.0298,6321.7598,6141.8301,6312.4702,8716060000
7/7/2017,6173.29,6177.3599,6081.96,6153.0801,6662910000
6/30/2017,6292.73,6303.4502,6087.8101,6140.4199,10802440000
6/23/2017,6196.8501,6269.3701,6186.9399,6265.25,13277490000
6/16/2017,6153.5601,6237.5298,6107.8501,6151.7598,11567860000
6/9/2017,6305.4702,6341.7002,6137.6802,6207.9199,10732610000
6/2/2017,6204.1802,6308.7598,6164.0698,6305.7998,7661490000
5/26/2017,6098.25,6217.3398,6097.2402,6210.1899,8436870000
5/19/2017,6128.1099,6170.1602,5996.8101,6083.7002,10234640000
5/12/2017,6100.6602,6133,6075.6802,6121.23,9707070000
5/5/2017,6067.5601,6102.7202,6053.2798,6100.7598,10008930000
4/28/2017,5979.96,6074.04,5970.25,6047.6099,9498070000
4/21/2017,5821.5498,5926.23,5818.2002,5910.52,8215100000
4/13/2017,5883.4302,5907.8501,5805.1499,5805.1499,6692550000
4/7/2017,5917.3198,5936.3901,5855.5098,5877.8101,9387480000
3/31/2017,5776.3301,5927.8101,5769.3901,5911.7402,8836870000
3/24/2017,5898.8101,5928.0601,5781.7998,5828.7402,9364880000
3/17/2017,5863.48,5912.6099,5831.8799,5901,10366310000
3/10/2017,5846.4199,5872.6001,5812.0801,5861.73,9266400000
3/3/2017,5835.04,5911.79,5817.2202,5870.75,10277730000
2/24/2017,5850.2002,5867.8901,5800.5498,5845.3101,7370390000
2/17/2017,5753.1899,5838.5801,5748.7402,5838.5801,9688010000
2/10/2017,5656.9502,5743.4302,5649.3901,5734.1299,9392290000
2/3/2017,5635.8599,5666.8398,5576.0898,5666.77,9902970000
1/27/2017,5546.6401,5669.6099,5522.6899,5660.7798,8906500000
1/20/2017,5555.1602,5574.3501,5527.2202,5555.3301,6986380000
1/13/2017,5527.5801,5584.2598,5496.8198,5574.1201,9043580000
1/6/2017,5425.6201,5536.52,5397.9902,5521.0601,7272940000
12/30/2016,5470.7598,5512.3701,5371.8901,5383.1201,5354300000
12/23/2016,5441.2002,5489.4702,5432.77,5462.6899,7584620000
12/16/2016,5428.2202,5486.75,5394.4199,5437.1602,11341080000
12/9/2016,5283.5801,5450.1602,5269.5698,5444.5,10165370000
12/2/2016,5387.9199,5403.8599,5238.21,5255.6499,9592730000
11/25/2016,5336.7798,5398.9199,5334.1602,5398.9199,6016930000
11/18/2016,5246.3301,5346.7998,5192.0498,5321.5098,10523200000
11/11/2016,5128.9902,5302.6802,5122.77,5237.1099,11744380000
11/4/2016,5205.0898,5206.71,5034.4102,5046.3701,9814630000
10/28/2016,5290.3101,5311.5,5178.7598,5190.1001,8652020000
10/21/2016,5213.6899,5264.27,5196.0298,5257.3999,7836950000
10/14/2016,5318.46,5340.52,5169.7598,5214.1602,8081560000
10/7/2016,5300.29,5330.8101,5266.7998,5292.3999,8367060000
9/30/2016,5275.73,5325.8799,5251.3198,5312,9207020000
9/23/2016,5263.5498,5342.8799,5222.9102,5305.75,9129430000
9/16/2016,5098.0298,5254.7798,5097.7998,5244.5698,10946550000
9/9/2016,5260,5287.6099,5125.9102,5125.9102,7704880000
9/2/2016,5223.7998,5263.3901,5189.3599,5249.8999,7806150000
8/26/2016,5231.46,5275.7402,5191.8599,5218.9199,7924990000
8/19/2016,5242.1802,5271.3599,5197.23,5238.3799,8271270000
8/12/2016,5223.54,5238.54,5193.7998,5232.8901,7953300000
8/5/2016,5167.4199,5227.23,5109.7998,5221.1201,9865790000
7/29/2016,5096.9902,5175.8101,5082.6602,5162.1299,9954480000
7/22/2016,5034.9902,5103.52,5028.2402,5100.1602,8676950000
7/15/2016,4976.54,5045.1802,4976.54,5029.5898,8487020000
7/8/2016,4837.0601,4959,4786.0098,4956.7598,7186460000
7/1/2016,4664.4302,4880.1699,4574.25,4862.5698,10766600000
6/24/2016,4856.6899,4910.04,4698.4199,4707.98,11309470000
6/17/2016,4868.5098,4894.8501,4778.7798,4800.3398,10100200000
6/10/2016,4950.46,4980.1401,4880.6099,4894.5498,8558780000
6/3/2016,4938.48,4971.3599,4909.21,4942.52,7509330000
5/27/2016,4771.5698,4933.5,4763.9102,4933.5,8703080000
5/20/2016,4728.8599,4791.25,4678.3799,4769.5601,9377250000
5/13/2016,4736.3501,4812.1899,4708.2598,4717.6802,8872810000
5/6/2016,4786.5498,4821.5698,4684.2798,4736.1602,9564750000
4/29/2016,4891.48,4915,4740.8398,4775.3599,9883930000
4/22/2016,4919.3599,4969.3198,4872.02,4906.23,9054970000
4/15/2016,4873.3901,4961.2998,4808.9102,4938.2202,8571870000
4/8/2016,4911.21,4921.5098,4831.4902,4850.6899,8691280000
4/1/2016,4785.25,4917.0898,4749.7798,4914.54,8491830000
3/24/2016,4787.3101,4835.6001,4734.77,4773.5,6529050000
3/18/2016,4733.3901,4804.5801,4712.0698,4795.6499,9824810000
3/11/2016,4690.8799,4748.79,4607.9902,4748.4702,9605260000
3/4/2016,4585.2998,4746.6499,4557.46,4717.02,10165440000
2/26/2016,4548.3101,4618.8501,4425.7202,4590.4702,9032710000
2/19/2016,4397.9502,4548.4702,4376.52,4504.4302,8274000000
2/12/2016,4288.02,4369.6201,4209.7598,4337.5098,12411760000
2/5/2016,4587.5898,4636.9302,4350.3701,4363.1401,11324920000
1/29/2016,4574.5898,4613.9502,4447.5,4613.9502,11065630000
1/22/2016,4548.0498,4591.1802,4313.3901,4591.1802,10199770000
1/15/2016,4673.4399,4714.7998,4419.4102,4488.4199,12455970000
1/8/2016,4897.6499,4926.73,4637.8501,4643.6299,11155760000
12/31/2015,5032.29,5116.9902,4999.0698,5007.4102,5379130000
12/24/2015,4957.5298,5063.2798,4928.9302,5048.4902,5528440000
12/18/2015,4932.6099,5088.5801,4871.5898,4923.0801,11969810000
12/11/2015,5139.46,5139.7798,4928.6699,4933.4702,9659060000
12/4/2015,5139.5801,5176.77,5011.7202,5142.27,10326050000
11/27/2015,5106.7202,5134.3501,5050.1401,5127.52,5946230000
11/20/2015,4916.1401,5112.46,4908.6602,5104.9199,9259030000
11/13/2015,5128.9399,5133.4399,4925.3501,4927.8799,9251210000
11/6/2015,5065.6401,5163.4702,5061.4702,5147.1201,10133840000
10/30/2015,5030.7998,5095.6899,5009.0698,5053.75,9831360000
10/23/2015,4873.54,5048.5498,4836.46,5031.8599,9561320000
10/16/2015,4839.79,4886.9502,4771.6201,4886.6899,8609530000
10/9/2015,4742.1299,4841.3799,4711.79,4830.4702,10028720000
10/2/2015,4665.0601,4707.7798,4487.0601,4707.7798,11396720000
9/25/2015,4851.98,4881.46,4659.48,4686.5,9717090000
9/18/2015,4831.98,4960.8701,4791.0801,4827.23,9885240000
9/11/2015,4769.7202,4862.8799,4746.52,4822.3398,7261310000
9/4/2015,4798.6802,4824.6099,4614.9102,4683.9199,9399880000
8/28/2015,4351.6099,4836.7798,4292.1401,4828.3198,13058720000
8/21/2015,5032.3398,5092.6899,4706.04,4706.04,9653290000
8/14/2015,5081.7202,5112.4702,4945.79,5048.2402,8906700000
8/7/2015,5134.3398,5175.2598,5006.1499,5043.54,9950580000
7/31/2015,5055.9199,5155.02,5025.6099,5128.2798,9692820000
7/24/2015,5223.1802,5231.9399,5084.5098,5088.6299,9632170000
7/17/2015,5037.27,5210.1602,5036.6802,5210.1401,8746130000
7/10/2015,4963.7998,5020.71,4901.5098,4997.7002,9256930000
7/2/2015,5021.21,5051.0098,4956.23,5009.21,7365380000
6/26/2015,5147.8701,5164.3599,5060.8198,5080.5098,10320880000
6/19/2015,5011.79,5143.3198,4985.9399,5117,9504150000
6/12/2015,5066.6499,5101.3901,4974.6201,5051.1001,8312380000
6/5/2015,5094.9399,5114.6001,5025.52,5068.46,9141400000
5/29/2015,5076.9102,5111.54,5016.7402,5070.0298,7307090000
5/22/2015,5040.9199,5103.8398,5037.54,5089.3599,8410270000
5/15/2015,5003.2598,5062.6499,4931.6001,5048.29,6812880000
5/8/2015,5018.3501,5043.6201,4888.1699,5003.5498,9904030000
5/1/2015,5104.3599,5119.8301,4921.5498,5005.3901,10199960000
4/24/2015,4958.0698,5100.3701,4952.6802,5092.0801,8817750000
4/17/2015,5001.5498,5024.25,4912.3301,4931.8101,8559120000
4/10/2015,4855.9399,4996.0801,4852.9102,4995.98,8248700000
4/2/2015,4921.7798,4948.46,4844.3901,4886.9399,7054810000
3/27/2015,5020.6001,5032.48,4825.9302,4891.2202,9123680000
3/20/2015,4897.27,5042.1401,4889.0898,5026.4199,9922060000
3/13/2015,4936.0801,4950.4702,4842.7998,4871.7598,9125060000
3/6/2015,4973.4302,5008.5698,4918.6299,4927.3701,9417260000
2/27/2015,4953.1001,4989.25,4939.5601,4963.5298,9299440000
2/20/2015,4889.9902,4957.02,4880.6401,4955.9702,6790320000
2/13/2015,4723.73,4893.8398,4719.6099,4893.8398,9239750000
2/6/2015,4650.6001,4787.1802,4580.46,4744.3999,10443580000
1/30/2015,4752.3599,4774.1802,4601.7598,4635.2402,10165290000
1/23/2015,4655.8398,4771.1802,4601.1001,4757.8799,7332840000
1/16/2015,4714.0698,4751.3398,4563.1099,4634.3799,10044730000
1/9/2015,4700.3398,4744.71,4567.5898,4704.0698,9741020000
1/2/2015,4801.2598,4813.7202,4698.1099,4726.8101,5447690000
12/26/2014,4759.04,4814.9502,4757.7998,4806.8599,4970860000
12/19/2014,4679.6699,4782.1299,4547.3101,4765.3799,12115390000
12/12/2014,4769.7598,4793.2402,4653.6001,4653.6001,9529830000
12/5/2014,4777.73,4788.98,4724.6201,4780.7598,8958470000
11/28/2014,4725.1699,4810.8599,4723.6201,4791.6299,5649800000
11/21/2014,4678.4399,4751.6001,4653.3301,4712.9702,8514060000
11/14/2014,4635.1001,4703.1001,4626.4902,4688.54,8864290000
11/7/2014,4633.71,4654.1899,4594.9199,4632.5298,9939840000
10/31/2014,4469.02,4641.5098,4450.29,4630.7402,10195870000
10/24/2014,4254.1602,4486.2598,4248.2202,4483.7202,9388650000
10/17/2014,4274.9102,4303.8198,4116.6001,4258.4399,12874700000
10/10/2014,4492.3999,4496.2598,4276.2402,4276.2402,11421200000
10/3/2014,4465.8398,4522.0601,4367.7402,4475.6201,10193900000
9/26/2014,4568.4502,4568.8701,4466.6401,4512.1899,9071600000
9/19/2014,4567.4502,4610.5698,4499.8701,4579.79,10569910000
9/12/2014,4579.0601,4600.3999,4544.4399,4567.6001,8924430000
9/5/2014,4592.4199,4610.1401,4542.7402,4582.8999,7127060000
8/29/2014,4563.7202,4580.27,4546.6201,4580.27,6906120000
8/22/2014,4490.5298,4547.2402,4486.4399,4538.5498,7363490000
8/15/2014,4387.3799,4482.4702,4371.8398,4464.9302,8059070000
8/8/2014,4365.6201,4395.3799,4321.8901,4370.8999,9038280000
8/1/2014,4451.1201,4476.0601,4324.02,4352.6401,10070210000
7/25/2014,4421.2002,4485.5,4404.5098,4449.5601,8838590000
7/18/2014,4441.3901,4451.9302,4352.23,4432.1499,9289850000
7/11/2014,4477.7402,4478.02,4351.04,4415.4902,8844340000
7/3/2014,4398.3701,4485.9302,4396.5898,4485.9302,6391870000
6/27/2014,4368.96,4399.8701,4339.4102,4397.9302,10969450000
6/20/2014,4303.9302,4372.1802,4296.2598,4368.04,9916980000
6/13/2014,4324.3501,4346.7402,4284.5298,4310.6499,9011390000
6/6/2014,4247.96,4322.5098,4207.6099,4321.3999,8503440000
5/30/2014,4206.4399,4252.0801,4204.7202,4242.6201,7215130000
5/23/2014,4080.3301,4186.5801,4075.7,4185.8101,8475230000
5/16/2014,4092.8401,4155.1299,4035.96,4090.5901,9392030000
5/9/2014,4099.25,4138.3398,4021.05,4071.8701,10285910000
5/2/2014,4091.8101,4149.5601,4014.1699,4123.8999,10332790000
4/25/2014,4105.3701,4177.1602,4068.1001,4075.5601,9433140000
4/17/2014,4038.0601,4110.46,3946.03,4095.52,8121420000
4/11/2014,4110.9199,4185.1899,3991.6399,3999.73,11396830000
4/4/2014,4185.6299,4286.0898,4118.71,4127.73,11119720000
3/28/2014,4289.4902,4289.4902,4131.8101,4155.7598,11461360000
3/21/2014,4274.2202,4344.3901,4268.3398,4276.79,10859060000
3/14/2014,4332.6201,4354.4302,4241.9399,4245.3999,11301760000
3/7/2014,4261.4199,4371.71,4239.6499,4336.2202,11083150000
2/28/2014,4273.3198,4342.5898,4272.1099,4308.1201,11073610000
2/21/2014,4253.71,4284.8501,4226.75,4263.4102,7973960000
2/14/2014,4125.1201,4250.9102,4122.6099,4244.02,9973310000
2/7/2014,4105.0601,4126.5098,3968.1899,4125.8599,10957300000
1/31/2014,4132.2202,4136.46,4044.76,4103.8799,11190290000
1/24/2014,4222.98,4246.5498,4128.1699,4128.1699,8742390000
1/17/2014,4167.4102,4219.2798,4097.9902,4197.5801,10614510000
1/10/2014,4137.0298,4182.7402,4103.75,4174.6699,11274120000
1/3/2014,4153.5801,4177.73,4124.96,4131.9102,6156910000
12/27/2013,4136.1499,4175.3599,4127.7202,4156.5898,5017360000
12/20/2013,4019.3701,4111.9302,3979.5901,4104.7402,11306760000
12/13/2013,4073.75,4081.78,3992.29,4000.98,9014110000
12/6/2013,4065.6599,4069.8601,4004.76,4062.52,9050440000
11/29/2013,4004.3701,4069.7,3987.1599,4059.8899,6033960000
11/22/2013,3990.0601,3994.97,3911.6101,3991.6499,8713400000
11/15/2013,3913.6399,3985.97,3899.3101,3985.97,9063920000
11/8/2013,3932.6001,3955.97,3855.0701,3919.23,10057730000
11/1/2013,3942.5601,3966.71,3904.2,3922.04,9814300000
10/25/2013,3922.6499,3961.1001,3887.6699,3943.3601,9760130000
10/18/2013,3767.49,3914.9299,3766.28,3914.28,8862950000
10/11/2013,3776.6399,3800.0801,3650.03,3791.8701,9459030000
10/4/2013,3737.6001,3819.28,3734.74,3807.75,8966000000
9/27/2013,3786.8401,3795.72,3745.54,3781.5901,8879040000
9/20/2013,3755,3798.76,3712.47,3774.73,9197370000
9/13/2013,3675.1201,3731.8401,3675.1201,3722.1799,8343290000
9/6/2013,3622.6399,3677.0701,3593.6201,3660.01,6682280000
8/30/2013,3661.8101,3684.22,3573.5701,3589.8701,7088140000
8/23/2013,3601.8799,3660.6599,3589.02,3657.79,6555130000
8/16/2013,3645.78,3691.0601,3598.6499,3602.78,7919460000
8/9/2013,3682.6699,3694.1899,3633.5901,3660.1101,7825360000
8/2/2013,3604.29,3689.5901,3592.8,3689.5901,8798240000
7/26/2013,3599.8701,3613.3301,3573.53,3613.1599,8984050000
7/19/2013,3601.0901,3624.54,3578.5701,3587.6101,8108860000
7/12/2013,3493.8101,3600.0801,3475.3899,3600.0801,8082610000
7/5/2013,3430.48,3479.46,3415.23,3479.3799,5462320000
6/28/2013,3326.3799,3422.2,3294.95,3403.25,10679730000
6/21/2013,3449.97,3488.3101,3326.8601,3357.25,9869520000
6/14/2013,3475.6799,3484.8101,3387.6101,3423.5601,7789860000
6/7/2013,3460.76,3482.75,3378.24,3469.22,9189140000
5/31/2013,3497.8999,3514.8,3450.3999,3455.9099,7248310000
5/24/2013,3490.46,3532.04,3422.51,3459.1399,8971250000
5/17/2013,3429.53,3499.2,3426.6699,3498.97,9054310000
5/10/2013,3382.3301,3436.6001,3381.04,3436.5801,8482560000
5/3/2013,3290.3101,3388.1201,3289.4199,3378.6299,8966030000
4/26/2013,3217.3999,3301.28,3198.74,3279.26,8785900000
4/19/2013,3277.5801,3283.3999,3154.96,3206.0601,8702300000
4/12/2013,3207.1499,3306.95,3195.5701,3294.95,7891870000
4/5/2013,3268.6299,3270.23,3168.8799,3203.8601,7945880000
3/28/2013,3255.8501,3270.3,3222.48,3267.52,6167440000
3/22/2013,3215.71,3257.99,3205.4199,3245,8213930000
3/15/2013,3237.74,3260.6201,3229.9199,3249.0701,8836400000
3/8/2013,3159.46,3248.7,3154.79,3244.3701,8661160000
3/1/2013,3180.5901,3186.25,3105.3601,3169.74,9398780000
2/22/2013,3197.46,3213.6001,3118.6201,3161.8201,7479770000
2/15/2013,3192.53,3206.21,3182.1899,3192.03,8944190000
2/8/2013,3161.72,3196.8899,3130.5701,3193.8701,9800010000
2/1/2013,3152.1699,3183.1399,3133.1101,3179.1001,10204380000
1/25/2013,3135.6299,3161.0601,3121.54,3149.71,7456160000
1/18/2013,3113.6499,3144.05,3093.3201,3134.71,9047880000
1/11/2013,3089.1699,3127.72,3076.6001,3125.6299,8706270000
1/4/2013,2955.45,3118.1799,2953.52,3101.6599,7183090000
12/28/2012,3013.8899,3018.6499,2951.04,2960.3101,4159740000
12/21/2012,2975.5,3061.8201,2973.54,3021.01,10401100000
12/14/2012,2973.1899,3035.1899,2963.8,2971.3301,8827480000
12/7/2012,3029.21,3030.28,2958.26,2978.04,8576940000
11/30/2012,2961.02,3017.1799,2935.8799,3010.24,9083260000
11/23/2012,2886,2967.1899,2884.75,2966.8501,5578800000
11/16/2012,2916.3799,2920.01,2810.8,2853.1299,9500120000
11/9/2012,2983.03,3024.4399,2889.8101,2904.8701,9017330000
11/2/2012,2986.8501,3033.8501,2964.9399,2982.1299,5521510000
10/26/2012,3005.9199,3020.6101,2961.1599,2987.95,9214330000
10/19/2012,3053.21,3112.45,3000.27,3005.6201,9340160000
10/12/2012,3121.3301,3125.49,3039.5801,3044.1101,7740830000
10/5/2012,3130.3101,3171.46,3101.6399,3136.1899,8264920000
9/28/2012,3155.3501,3176.3,3080.28,3116.23,8974780000
9/21/2012,3183.3999,3196.9299,3156.46,3179.96,9378890000
9/14/2012,3131.3401,3195.6699,3098.8201,3183.95,8705530000
9/7/2012,3063.25,3139.6101,3040.24,3136.4199,6660530000
8/31/2012,3083.6201,3087.24,3040.5901,3066.96,6642570000
8/24/2012,3072.6599,3100.54,3042.22,3069.79,7218500000
8/17/2012,3018.27,3076.72,2999.1201,3076.5901,8036010000
8/10/2012,2978.1599,3028.6101,2974.23,3020.8601,8536510000
8/3/2012,2959.0701,2977.4099,2890.8501,2967.8999,8560790000
7/27/2012,2877.51,2961.8701,2839.76,2958.0901,9223830000
7/20/2012,2903.03,2976.22,2871.6499,2925.3,8552010000
7/13/2012,2934.49,2953.47,2837.72,2908.47,7909430000
7/6/2012,2938.4099,2987.9399,2921.3701,2937.3301,5715980000
6/29/2012,2863.8899,2935.1299,2818.1899,2935.05,8623210000
6/22/2012,2872.49,2942.28,2853.8601,2892.4199,10350960000
6/15/2012,2882.49,2882.96,2802.3799,2872.8,8330080000
6/8/2012,2747.6101,2873.5901,2726.6799,2858.4199,8188030000
6/1/2012,2853.27,2882.8301,2747.24,2747.48,6038970000
5/25/2012,2782.55,2867.3401,2774.76,2837.53,8694880000
5/18/2012,2907.78,2930.6799,2774.45,2778.79,10153000000
5/11/2012,2940.4099,2970.2,2900.0601,2933.8201,9702890000
5/4/2012,3060.0601,3085.3999,2956.3401,2956.3401,9125730000
4/27/2012,2969,3076.4399,2946.04,3069.2,8720790000
4/20/2012,3027.5701,3058.72,2975.8701,3000.45,8675860000
4/13/2012,3037.28,3059.26,2987,3011.3301,7829820000
4/5/2012,3085.9399,3128.25,3052.5801,3080.5,6934350000
3/30/2012,3090.52,3134.1699,3069.8101,3091.5701,8644950000
3/23/2012,3057.24,3090.0801,3044.6699,3067.9199,7563120000
3/16/2012,2989.05,3060.8201,2973.6499,3055.26,8480010000
3/9/2012,2969.73,2993.98,2900.28,2988.3401,8339410000
3/2/2012,2945.8701,3000.1101,2933.3,2976.1899,9405150000
2/24/2012,2957.3,2970.8799,2922.96,2963.75,6939420000
2/17/2012,2926.21,2962.78,2911.3301,2951.78,9459720000
2/10/2012,2892.52,2930.6799,2885.1699,2903.8799,9390950000
2/3/2012,2790.3999,2908.1299,2782.4399,2905.6599,9647560000
1/27/2012,2786.21,2834.3,2766.3401,2816.55,8897990000
1/20/2012,2736.3401,2793.3501,2721.03,2786.7,7542760000
1/13/2012,2682.98,2726.4299,2662.96,2710.6699,8602750000
1/6/2012,2657.3899,2682.1201,2627.23,2674.22,6826880000
12/30/2011,2613.51,2633.3401,2586.8501,2605.1499,4083690000
12/23/2011,2564.0701,2618.8401,2518.01,2618.6399,7726090000
12/16/2011,2617.3201,2639.74,2525.8799,2555.3301,9531970000
12/9/2011,2666.47,2674.53,2592.55,2646.8501,8346150000
12/2/2011,2509.6299,2659.23,2507.72,2626.9299,9180160000
11/25/2011,2535.3401,2539.8701,2441.48,2441.51,6240100000
11/18/2011,2671.1101,2695.8701,2567.1499,2572.5,9011380000
11/11/2011,2683.3799,2730.3899,2601.79,2678.75,9202160000
11/4/2011,2705.8899,2716.7,2597.1599,2686.1499,10025560000
10/28/2011,2644.8301,2753.3701,2598.74,2737.1499,10430080000
10/21/2011,2653.3201,2667.5701,2557.1699,2637.46,9647210000
10/14/2011,2522.72,2667.8501,2519.78,2667.8501,8542910000
10/7/2011,2401.1899,2512.1399,2298.8899,2479.3501,12395070000
9/30/2011,2496.98,2590.9399,2415.0701,2415.3999,10339380000
9/23/2011,2584.3501,2643.3701,2420.23,2483.23,10873320000
9/16/2011,2442.8601,2627.28,2438.3999,2622.3101,10906970000
9/9/2011,2417.6101,2568.45,2414.3101,2467.99,7562830000
9/2/2011,2510.99,2611.5801,2469.3501,2480.3301,8796770000
8/26/2011,2396.8799,2486.04,2337.28,2479.8501,9634500000
8/19/2011,2522.04,2555.2,2338.6599,2341.8401,11094420000
8/12/2011,2447.3,2524.0901,2331.6499,2507.98,16554660000
8/5/2011,2791.45,2796.24,2464.8701,2532.4099,14211490000
7/29/2011,2832.1101,2859.3999,2724.99,2756.3799,10088920000
7/22/2011,2777.6101,2862.72,2743.79,2858.8301,9448020000
7/15/2011,2828.1001,2841.1201,2755.8999,2789.8,9417720000
7/8/2011,2817.8701,2878.9399,2810,2859.8101,6681940000
7/1/2011,2653.0701,2818.1899,2647.55,2816.03,8703330000
6/24/2011,2608.05,2693.23,2607.74,2652.8899,10029030000
6/17/2011,2649.3,2685.6499,2599.8601,2616.48,9882720000
6/10/2011,2728.3101,2736.6599,2641.6399,2643.73,9491730000
6/3/2011,2824.25,2835.3401,2730.6299,2732.78,8560370000
5/27/2011,2761.96,2801.1499,2739.8501,2796.8601,9111280000
5/20/2011,2815.8999,2828.4099,2759.29,2803.3201,9695140000
5/13/2011,2828.24,2874.6101,2819.3701,2828.47,10052580000
5/6/2011,2881.28,2887.75,2804.8201,2827.5601,10758020000
4/29/2011,2820.28,2876.8301,2813.2,2873.54,10049000000
4/21/2011,2731.22,2820.77,2706.5,2820.1599,7651140000
4/15/2011,2789.49,2792.95,2733.6799,2764.6499,9119440000
4/8/2011,2796.26,2815.55,2771.4199,2780.4199,9114900000
4/1/2011,2752.3301,2802.6299,2720.1899,2789.6001,9105370000
3/25/2011,2675.47,2762.55,2660.1699,2743.0601,8990190000
3/18/2011,2695.6599,2715.22,2603.5,2643.6699,10719160000
3/11/2011,2793.1899,2794.8201,2689.4099,2715.6101,10237350000
3/4/2011,2791.28,2802.3201,2730.72,2784.6699,10097540000
2/25/2011,2795.4399,2808.1799,2705.54,2781.05,8674360000
2/18/2011,2810.1899,2840.51,2798.8301,2833.95,10296760000
2/11/2011,2773.26,2810.5601,2762.3401,2809.4399,10066160000
2/4/2011,2693.3,2769.7,2676.8701,2769.3,10130870000
1/28/2011,2693.03,2763.6399,2679.5701,2686.8899,10230520000
1/21/2011,2744.8,2766.1699,2686.5901,2689.54,8391330000
1/14/2011,2691.47,2755.3,2682.25,2755.3,9580040000
1/7/2011,2676.6499,2715.96,2663.6399,2703.1699,10067560000
12/31/2010,2657.0901,2673.02,2645.3799,2652.8701,5450400000
12/23/2010,2651.98,2675.26,2634.5601,2665.6001,6239830000
12/17/2010,2645.3501,2651.3501,2613.1499,2642.97,9709700000
12/10/2010,2591.28,2639.4099,2584.0901,2637.54,8948490000
12/3/2010,2522.24,2593.6799,2488.6101,2591.46,9959210000
11/26/2010,2509.3899,2545.4099,2483.1599,2534.5601,6001450000
11/19/2010,2529.02,2534.5601,2459.79,2518.1201,9788890000
11/12/2010,2570.8601,2592.9399,2506.3999,2518.21,10707400000
11/5/2010,2520.45,2582.1799,2491.46,2578.98,10395080000
10/29/2010,2491.6201,2517.5,2470.1201,2507.4099,9740950000
10/22/2010,2470.1201,2482.1399,2422.1399,2479.3899,9766980000
10/15/2010,2403.46,2468.77,2379.3899,2468.77,10042710000
10/8/2010,2362.25,2406.6699,2332.46,2401.9099,10056470000
10/1/2010,2379.73,2400.0601,2339.5,2370.75,10427730000
9/24/2010,2322.8,2381.22,2316.1101,2381.22,10201320000
9/17/2010,2263.8,2320.3701,2263.6899,2315.6101,10325550000
9/10/2010,2227.26,2251.98,2206.6201,2242.48,7102570000
9/3/2010,2145.76,2235.5701,2101.52,2233.75,9131660000
8/27/2010,2188.3401,2200.52,2099.29,2153.6299,9766090000
8/20/2010,2161.3101,2228.8999,2155.6599,2179.76,9012350000
8/13/2010,2298.8101,2309.4299,2163.0701,2173.48,9723350000
8/6/2010,2283.3201,2305.0701,2253.9199,2288.47,9623140000
7/30/2010,2271.6201,2307.6001,2218.6101,2254.7,10541390000
7/23/2010,2185.8101,2269.47,2159.95,2269.47,10514210000
7/16/2010,2194.1201,2260.3301,2177.51,2179.05,10466210000
7/9/2010,2122.28,2196.95,2077.77,2196.45,7999170000
7/2/2010,2227.4299,2241.6399,2061.1399,2091.79,11314780000
6/25/2010,2341.1101,2341.1101,2205.9199,2223.48,11379310000
6/18/2010,2263.6599,2321.99,2242,2309.8,10036280000
6/11/2010,2226.6001,2243.6001,2139.46,2243.6001,11343270000
6/4/2010,2244.79,2307.47,2212.3,2219.1699,8949480000
5/28/2010,2220.6001,2278.3701,2140.53,2257.04,12747510000
5/21/2010,2352.77,2374.9099,2165.79,2229.04,14381040000
5/14/2010,2365.97,2434.29,2323.6299,2346.8501,12800810000
5/7/2010,2472.3201,2503,2185.75,2265.6399,17273760000
4/30/2010,2529.8501,2535.28,2456.6299,2461.1899,14021810000
4/23/2010,2477.8,2530.1499,2451.72,2530.1499,12414500000
4/16/2010,2455.3999,2517.8201,2445.26,2481.26,13771950000
4/9/2010,2409.48,2454.1201,2403.8799,2454.05,11980010000
4/1/2010,2403.77,2423.4299,2383.77,2402.5801,8824080000
3/26/2010,2360.3501,2432.25,2358,2395.1299,12422260000
3/19/2010,2361.9199,2400.0901,2345.99,2374.4099,11668280000
3/12/2010,2326.25,2376.28,2325.74,2367.6599,11842980000
3/5/2010,2247.3999,2327.03,2247.3301,2326.3501,12538220000
2/26/2010,2250.9199,2251.6799,2198.73,2238.26,11026970000
2/19/2010,2200.3799,2249.8,2189.1799,2243.8701,8419860000
2/12/2010,2140.1001,2184.5701,2125.1101,2183.53,10770080000
2/5/2010,2155.8101,2194.53,2100.1699,2141.1201,12618450000
1/29/2010,2220.29,2227.8899,2140.3401,2147.3501,12908710000
1/22/2010,2291.02,2320.3999,2200.3701,2205.29,10092600000
1/15/2010,2324.78,2326.28,2272.7,2287.99,11656500000
1/8/2010,2294.4099,2317.6001,2285.22,2317.1699,10968020000
12/31/2009,2290.04,2295.8,2269.1101,2269.1499,4960330000
12/24/2009,2224.04,2285.8899,2224.04,2285.6899,5748580000
12/18/2009,2202.3101,2220.46,2178.05,2211.6899,10564540000
12/11/2009,2191.3501,2202.8401,2155.96,2190.3101,9467790000
12/4/2009,2135.9299,2214.3899,2120.7,2194.3501,10513880000
11/27/2009,2168.95,2189.5,2113.99,2138.4399,6069260000
11/20/2009,2177.3101,2205.3201,2137.0601,2146.04,10153940000
11/13/2009,2128.46,2179.1899,2128.1499,2167.8799,9942320000
11/6/2009,2047.42,2117.6201,2024.27,2112.4399,10725730000
10/30/2009,2158.8101,2183.6101,2040.21,2045.11,12382050000
10/23/2009,2162.4099,2190.6399,2130.7,2154.47,11353850000
10/16/2009,2145.6299,2173.95,2128.3899,2156.8,10503050000
10/9/2009,2056.52,2139.6499,2049.04,2139.28,11094410000
10/2/2009,2101.9199,2141.3999,2040.73,2048.1101,11749940000
9/25/2009,2121.3401,2167.7,2085.3501,2090.9199,12553800000
9/18/2009,2066.1499,2140.6001,2065.8,2132.8601,12876460000
9/11/2009,2034.74,2088.9299,2023.03,2080.8999,9300490000
9/4/2009,2011.14,2034.78,1958.04,2018.78,10584710000
8/28/2009,2026.11,2059.48,1993.03,2028.77,10501630000
8/21/2009,1949.23,2021.86,1929.64,2020.9,9868970000
8/14/2009,1991.4399,2015.26,1962.08,1985.52,9908200000
8/7/2009,1998.35,2015.59,1967.6801,2000.25,11476660000
7/31/2009,1964.62,2009.8101,1946.95,1978.5,11137240000
7/24/2009,1896.99,1979.34,1890,1965.96,11812270000
7/17/2009,1761.03,1887.89,1736.95,1886.61,10249150000
7/10/2009,1783.5,1793.42,1727.05,1756.03,9991580000
7/2/2009,1842.09,1861.62,1795.95,1796.52,7920550000
6/26/2009,1809.53,1840.98,1753.78,1838.22,12839940000
6/19/2009,1837.9399,1838.33,1785.34,1827.47,11837830000
6/12/2009,1836.87,1879.92,1818.59,1858.8,10938640000
6/5/2009,1796.09,1865.95,1792.8,1849.42,12238410000
5/29/2009,1677.72,1774.33,1677.54,1774.33,8868150000
5/22/2009,1696.8199,1767.47,1677.77,1692.01,10187550000
5/15/2009,1713.65,1747.97,1664.1899,1680.14,11595130000
5/8/2009,1733.71,1773.13,1702.54,1739,14535270000
5/1/2009,1672.87,1753.61,1661.4,1719.2,11707060000
4/24/2009,1641.35,1702.87,1598.9301,1694.29,13152970000
4/17/2009,1641.61,1682.24,1599.11,1673.0699,10929840000
4/9/2009,1602.24,1652.54,1559.46,1652.54,7856140000
4/3/2009,1516.79,1623.34,1484.98,1621.87,11381170000
3/27/2009,1491.26,1587,1482.15,1545.2,11220020000
3/20/2009,1445.27,1509.0601,1402.48,1457.27,11655620000
3/13/2009,1284.84,1433.98,1265.52,1431.5,10980850000
3/6/2009,1356.13,1372,1268.54,1293.85,11446830000
2/27/2009,1452.58,1453.66,1372.42,1377.84,11358050000
2/20/2009,1489.12,1492.8199,1416.96,1441.23,8882120000
2/13/2009,1590.74,1598.5,1495.34,1534.36,11005200000
2/6/2009,1460.85,1594.26,1460.51,1591.71,11135250000
1/30/2009,1479.98,1568.33,1470.8101,1476.42,9708450000
1/23/2009,1520.76,1521.85,1434.08,1477.29,8606720000
1/16/2009,1573.45,1573.46,1456.72,1529.33,10392080000
1/9/2009,1621.48,1665.63,1569.87,1571.59,9849940000
1/2/2009,1529.54,1636.03,1493.45,1632.21,5520050000
12/26/2008,1562.17,1563.79,1503.66,1530.24,4044120000
12/19/2008,1544.16,1598.33,1491.36,1564.3199,10713980000
12/12/2008,1541.4399,1602.92,1478.03,1540.72,10380970000
12/5/2008,1496.09,1510.39,1398.0699,1509.3101,10399180000
11/28/2008,1409.72,1535.5699,1397.1899,1535.5699,7778730000
11/21/2008,1494.74,1526.96,1295.48,1384.35,12772580000
11/14/2008,1680.67,1680.67,1428.54,1516.85,10958150000
11/7/2008,1718.89,1785.84,1603.87,1647.4,10423750000
10/31/2008,1528.12,1742.54,1503.8101,1720.95,12692230000
10/24/2008,1735.13,1770.05,1493.79,1552.03,12479010000
10/17/2008,1734.6,1896.95,1565.72,1711.29,14160790000
10/10/2008,1898.63,1905.01,1542.45,1649.51,16630530000
10/3/2008,2147.1599,2152.6899,1947.1899,1947.39,11758900000
9/26/2008,2265.77,2266.45,2136.8501,2183.3401,9469040000
9/19/2008,2202.28,2318.4299,2070.22,2273.8999,16752980000
9/12/2008,2296.1799,2303.8899,2191.53,2261.27,11650510000
9/5/2008,2402.1101,2413.1101,2216.99,2255.8799,8666070000
8/29/2008,2399.73,2412.8401,2345.79,2367.52,8306310000
8/22/2008,2456.96,2456.96,2360.3899,2414.71,8023700000
8/15/2008,2407.55,2473.2,2402.53,2452.52,9898350000
8/8/2008,2309.75,2416.3999,2280.9299,2414.1001,10942390000
8/1/2008,2307.1899,2353.3899,2258.6201,2310.96,11114910000
7/25/2008,2290.75,2350.0901,2252.8401,2310.53,11644950000
7/18/2008,2262.8601,2320.77,2167.29,2282.78,12017890000
7/11/2008,2263.6899,2296.03,2203.25,2239.0801,11752990000
7/3/2008,2312.4199,2325.49,2227.8,2245.3799,8550260000
6/27/2008,2416.55,2421.25,2290.5901,2315.6299,11970500000
6/20/2008,2443.1299,2483.1899,2394.26,2406.0901,10565330000
6/13/2008,2483.22,2485,2388.49,2454.5,10614560000
6/6/2008,2514.8201,2549.9399,2460.5601,2474.5601,10721310000
5/30/2008,2450.52,2530.1599,2448.5801,2522.6599,7644910000
5/23/2008,2530.8201,2551.47,2430.3601,2444.6699,10093200000
5/16/2008,2454.6499,2537.4099,2446.3601,2528.8501,10256260000
5/9/2008,2475.3101,2496.6499,2429.03,2445.52,10164460000
5/2/2008,2422.6299,2499.1399,2406.3701,2476.99,10245380000
4/25/2008,2393.0701,2447.28,2361.6699,2422.9299,10017960000
4/18/2008,2287.02,2412.78,2266.29,2402.97,9610450000
4/11/2008,2386.6201,2390.04,2286.1899,2290.24,9348900000
4/4/2008,2265.1499,2391.9299,2260.5901,2370.98,9916200000
3/28/2008,2268.2,2346.78,2256.8701,2261.1799,10151410000
3/20/2008,2166.9399,2280.8999,2155.4199,2258.1101,9779740000
3/14/2008,2211.1399,2282.6101,2168.6699,2212.49,11670720000
3/7/2008,2271.26,2290.01,2186.9299,2212.49,11576210000
2/29/2008,2303.4099,2363.52,2264.97,2271.48,11070470000
2/22/2008,2348.98,2353.79,2265.3601,2303.3501,8848860000
2/15/2008,2310.75,2376.22,2294.4199,2321.8,10697590000
2/8/2008,2413.4199,2413.4199,2252.6499,2304.8501,12090470000
2/1/2008,2324.8501,2419.23,2306.6399,2413.3601,12686350000
1/25/2008,2221.2,2408.22,2202.54,2326.2,12339990000
1/18/2008,2470.8701,2483.1299,2323.29,2340.02,13698970000
1/11/2008,2514.1499,2527.4199,2407.3899,2439.9399,12983630000
1/4/2008,2663.78,2668.6101,2502.6799,2504.6499,8017750000
12/28/2007,2694.3501,2727.55,2661.79,2674.46,5684120000
12/21/2007,2623.23,2691.99,2553.99,2691.99,10160890000
12/14/2007,2710.73,2734.8201,2634.75,2635.74,10329790000
12/7/2007,2654.9099,2711.96,2613.8301,2706.1599,10124040000
11/30/2007,2599.8201,2696.24,2539.8101,2660.96,11433420000
11/23/2007,2622.4399,2633.8201,2542.7,2596.6001,7634440000
11/16/2007,2619.4099,2698.3501,2583,2637.24,12708940000
11/9/2007,2782.8,2825.47,2624.4299,2627.9399,13483530000
11/2/2007,2815.1599,2861.51,2773.8201,2810.3799,11625650000
10/26/2007,2705.8601,2810.3101,2698.1399,2804.1899,12371200000
10/19/2007,2809.1699,2811.6599,2725.1599,2725.1599,10750380000
10/12/2007,2777.72,2834,2757.76,2805.6799,9744840000
10/5/2007,2704.25,2784.9299,2704.25,2780.3201,9214010000
9/28/2007,2676.4199,2716.75,2656.3301,2701.5,9418810000
9/21/2007,2594.04,2683.02,2575.3601,2671.22,9694970000
9/14/2007,2581.78,2612.7,2536.9299,2602.1799,8656820000
9/7/2007,2596.3799,2644.45,2556.5901,2565.7,7486650000
8/31/2007,2570.4099,2603.1101,2500.55,2596.3601,7768100000
8/24/2007,2511.0701,2576.6899,2487.4399,2576.6899,8368320000
8/17/2007,2566.6001,2572.51,2386.6899,2505.03,12257440000
8/10/2007,2524.8701,2627.75,2491.96,2544.8899,15858500000
8/3/2007,2568.1399,2607.45,2511.1201,2511.25,12954510000
7/27/2007,2698.49,2705.03,2562.0601,2562.24,13077030000
7/20/2007,2703.3999,2724.74,2674.26,2687.6001,10680550000
7/13/2007,2668.99,2707.6399,2631.8899,2707,10034340000
7/6/2007,2617.3899,2667.97,2614.8401,2666.51,6234600000
6/29/2007,2590.5901,2626.5601,2560.45,2603.23,10251430000
6/22/2007,2631.3401,2634.6001,2583.24,2588.96,12185250000
6/15/2007,2569.6399,2630.51,2547.99,2626.71,10105770000
6/8/2007,2606.05,2619.75,2534.97,2573.54,10917830000
6/1/2007,2561.04,2626.3999,2551.6799,2613.9199,7787030000
5/25/2007,2560.9299,2600.9399,2531.28,2557.1899,9839780000
5/18/2007,2564.05,2568.9299,2519.3501,2558.45,10112080000
5/11/2007,2572.6399,2580.0601,2533.1201,2562.22,9617430000
5/4/2007,2558.05,2577.96,2510.5701,2572.1499,10856880000
4/27/2007,2525.77,2562.99,2509.26,2557.21,11277510000
4/20/2007,2500.55,2532.24,2490.3401,2526.3899,9924280000
4/13/2007,2478.02,2491.9399,2448.71,2491.9399,9247200000
4/5/2007,2425.3601,2471.3401,2409.04,2471.3401,7187300000
3/30/2007,2451.6001,2455.6299,2396.8301,2421.6399,9318860000
3/23/2007,2384.6599,2459.96,2381.55,2448.9299,9093410000
3/16/2007,2385.1399,2404.02,2331.5701,2372.6599,9850690000
3/9/2007,2368,2404.8,2340.3999,2387.55,10237400000
3/2/2007,2525.04,2525.98,2359.4399,2368,12633850000
2/23/2007,2491.75,2531.4199,2479.9199,2515.1001,8041220000
2/16/2007,2460.6299,2498.3701,2444.6799,2496.3101,9672320000
2/9/2007,2475.03,2496.52,2453.4399,2459.8201,10369900000
2/2/2007,2434.6399,2481.3799,2431.3101,2475.8799,9918520000
1/26/2007,2454.5,2470.51,2418.6101,2435.49,10373360000
1/19/2007,2504.5601,2508.9299,2435.6799,2451.3101,8907500000
1/12/2007,2435.25,2502.8201,2421.1299,2502.8201,10936070000
1/5/2007,2429.72,2460.51,2394.6599,2434.25,6599850000
12/29/2006,2398.22,2437.3799,2397.6799,2415.29,4883910000
12/22/2006,2462.4299,2470.95,2400.72,2401.1799,8686010000
12/15/2006,2437.3601,2470.02,2419.3201,2457.2,9737470000
12/8/2006,2420.9199,2459.51,2416.77,2437.3601,9725760000
12/1/2006,2454.1699,2454.6399,2390.1001,2413.21,9987080000
11/24/2006,2441.1599,2468.4199,2437.8401,2460.26,5612380000
11/17/2006,2389.52,2453.3501,2387.8799,2445.8601,9522280000
11/10/2006,2341.6599,2401.3301,2341.6599,2389.72,10117740000
11/3/2006,2347.21,2375.53,2316.8201,2330.79,9390710000
10/27/2006,2338.1499,2379.29,2330.6101,2350.6201,10389630000
10/20/2006,2359.1899,2368.1101,2324.4299,2342.3,10003080000
10/13/2006,2297.8201,2360.23,2292.29,2357.29,9185730000
10/6/2006,2257,2306.3501,2224.21,2299.99,9489810000
9/29/2006,2227.3701,2273.3,2212.02,2258.4299,9501480000
9/22/2006,2232.99,2261.47,2202.9299,2218.9299,9798710000
9/15/2006,2152.1201,2247.1599,2147.4399,2235.5901,9845270000
9/8/2006,2192.9399,2207.55,2149.3601,2165.79,6833950000
9/1/2006,2140.52,2198.5801,2139.5701,2193.1599,7560630000
8/25/2006,2151.9099,2162.6799,2122.6499,2140.29,7013990000
8/18/2006,2073.01,2168.1101,2067.6899,2163.95,9313350000
8/11/2006,2079.45,2097.76,2048.22,2057.71,8545520000
8/4/2006,2087.8601,2119.01,2052.75,2085.05,8651900000
7/28/2006,2030.49,2094.95,2030.49,2094.1399,9886280000
7/21/2006,2034.76,2086.0701,2012.78,2020.39,10104840000
7/14/2006,2135.96,2142.3601,2027.11,2037.35,9111810000
7/7/2006,2177.9099,2190.4399,2126.6399,2130.0601,5720130000
6/30/2006,2126.46,2183.48,2090.78,2172.0901,9396650000
6/23/2006,2136.6001,2152.5601,2103.77,2121.47,8367740000
6/16/2006,2137.47,2147.9099,2065.1101,2129.95,11202000000
6/9/2006,2212.3501,2219.4099,2100.4299,2135.0601,10439500000
6/2/2006,2202.5701,2233.8799,2164.74,2219.4099,7849840000
5/26/2006,2178.1499,2210.49,2135.8101,2210.3701,10568390000
5/19/2006,2234.01,2245.1799,2164.54,2193.8799,10878140000
5/12/2006,2342.4099,2352.5601,2243.3201,2243.78,10322040000
5/5/2006,2329.79,2344.3701,2295.03,2342.5701,10317490000
4/28/2006,2338.78,2361.8899,2315.1201,2322.5701,11469460000
4/21/2006,2325.5601,2375.54,2299.4199,2342.8601,10557860000
4/13/2006,2340.3899,2343.5901,2302.1899,2326.1101,6993220000
4/7/2006,2352.24,2375.45,2332.6699,2339.02,10206940000
3/31/2006,2312.47,2353.1399,2299.5601,2339.79,10235460000
3/24/2006,2311.9299,2332.95,2282.3799,2312.8201,10312260000
3/17/2006,2269.4399,2323.79,2263.6799,2306.48,10536180000
3/10/2006,2306.6599,2309.51,2239.54,2262.04,9814890000
3/3/2006,2291.48,2324.9199,2276.74,2302.6001,10503540000
2/24/2006,2283.52,2293.74,2256.75,2287.04,6909470000
2/17/2006,2252.04,2294.6299,2232.6799,2282.3601,9139460000
2/10/2006,2263.1201,2284.52,2235.4099,2261.8799,10407520000
2/3/2006,2306.24,2313.98,2255.99,2262.5801,10949090000
1/27/2006,2255.3101,2314.3601,2241.02,2304.23,10894680000
1/20/2006,2302.5601,2311.71,2245.2,2247.7,8635450000
1/13/2006,2306.1799,2332.9199,2303.1299,2317.04,10103770000
1/6/2006,2216.53,2306.72,2189.9099,2305.6201,8011250000
12/30/2005,2253.05,2259.6799,2200.51,2205.3201,4941440000
12/23/2005,2254.6399,2256.03,2213.52,2249.4199,7555730000
12/16/2005,2263.97,2271.8501,2247.3201,2252.48,9328580000
12/9/2005,2269.0701,2278.1599,2233.74,2256.73,8748580000
12/2/2005,2263.55,2273.6101,2230.1899,2273.3701,8957930000
11/25/2005,2226.6201,2269.3,2219.25,2263.01,5739580000
11/18/2005,2203.79,2234.3,2176.54,2227.0701,8595640000
11/11/2005,2174.25,2205.3601,2162.6499,2202.47,8207600000
11/4/2005,2094.3701,2172.6799,2094.3701,2169.4299,9992140000
10/28/2005,2089.51,2121.3601,2063.8101,2089.8799,8587750000
10/21/2005,2065.54,2096.4299,2042.03,2082.21,8188690000
10/14/2005,2091.6799,2093.23,2025.58,2064.8301,8578940000
10/7/2005,2152.7,2167,2069.04,2090.3501,9275760000
9/30/2005,2127.8999,2151.6899,2107.7,2151.6899,8277410000
9/23/2005,2157.3701,2162.1399,2093.0601,2116.8401,8519230000
9/16/2005,2176.47,2186.8301,2142.73,2160.3501,9160050000
9/9/2005,2147.3101,2177.23,2147.3101,2175.51,6079620000
9/2/2005,2112.4399,2157.3201,2112.25,2141.0701,7090510000
8/26/2005,2140.95,2156.1299,2118.04,2120.77,6980210000
8/19/2005,2153.71,2173.6599,2133.0801,2135.5601,7035840000
8/12/2005,2182.99,2185.9099,2144.6001,2156.8999,7842660000
8/5/2005,2191.49,2219.9099,2175.9099,2177.9099,8043260000
7/29/2005,2179.04,2201.3899,2165.9299,2184.8301,8222750000
7/22/2005,2151.8401,2193.1899,2144.78,2179.74,8592250000
7/15/2005,2115.98,2164.1799,2115.5701,2156.78,8375590000
7/8/2005,2052.1001,2113.9099,2050.3,2112.8799,6335520000
7/1/2005,2050.3,2076.1599,2039.6899,2057.3701,7580560000
6/24/2005,2081.05,2106.5701,2050.76,2053.27,8794510000
6/17/2005,2059.96,2098.53,2053.3899,2090.1101,8296950000
6/10/2005,2072.3601,2095.96,2052.96,2063,8042270000
6/3/2005,2073.9199,2097.8,2065.02,2071.4299,6742970000
5/27/2005,2045.6899,2076.8,2041.95,2075.73,7642880000
5/20/2005,1976.38,2046.42,1973.67,2046.42,8061980000
5/13/2005,1967.74,1990,1943.89,1976.78,8415100000
5/6/2005,1923.23,1973.5,1916.03,1967.35,8524710000
4/29/2005,1942.02,1958.58,1889.83,1921.65,8777560000
4/22/2005,1906.4301,1962.41,1904.27,1932.1899,9392360000
4/15/2005,2004.16,2007.24,1906.71,1908.15,9264490000
4/8/2005,1983.8101,2021.8199,1972.0699,1999.35,8213830000
4/1/2005,1998.76,2014.73,1968.58,1984.8101,8595730000
3/24/2005,2008.16,2017.66,1985.22,1991.0601,6856030000
3/18/2005,2043.64,2059.0701,1999.98,2007.79,9368300000
3/11/2005,2073.8999,2100.5701,2036.41,2041.6,9159290000
3/4/2005,2058.28,2084.1499,2038.77,2070.6101,9800860000
2/25/2005,2046.1801,2065.3999,2023,2065.3999,7737750000
2/18/2005,2076.75,2103.45,2056.2,2058.6201,9140920000
2/11/2005,2086.55,2095.6399,2039.72,2076.6599,9849960000
2/4/2005,2053.47,2086.72,2049.25,2086.6599,9598180000
1/28/2005,2040.13,2055.1299,2008.6801,2035.83,10447750000
1/21/2005,2081.8601,2106.1899,2032.88,2034.27,8476670000
1/14/2005,2087.6201,2111.4299,2066.79,2087.9099,10762650000
1/7/2005,2184.75,2191.6001,2076.6899,2088.6101,11625100000
12/31/2004,2168.8201,2185.5601,2147.5901,2175.4399,7339730000
12/23/2004,2142.21,2168.78,2124.22,2160.6201,7197850000
12/17/2004,2141.2,2171.27,2132.1899,2135.2,11456540000
12/10/2004,2145.4299,2161.3,2097.8601,2128.0701,11291620000
12/3/2004,2110.9099,2164.6299,2090.3501,2147.96,10817270000
11/26/2004,2066.3401,2110.3799,2052.8,2101.97,6261510000
11/19/2004,2082.5901,2112.1799,2070.6299,2070.6299,9961850000
11/12/2004,2038.22,2085.3401,2032.37,2085.3401,8924000000
11/5/2004,1975.48,2046.92,1969.3199,2038.9399,9057760000
10/29/2004,1911.08,1984.1801,1905.49,1974.99,8954070000
10/22/2004,1909.78,1957.48,1904.5,1915.14,8612760000
10/15/2004,1924.41,1948.01,1899.33,1911.5,7696900000
10/8/2004,1954.59,1971.04,1917.72,1919.97,8891350000
10/1/2004,1871.16,1942.23,1852.59,1942.2,7967970000
9/24/2004,1903.02,1925.85,1879.48,1879.48,7442290000
9/17/2004,1900.17,1919.21,1892.08,1910.09,7791710000
9/10/2004,1856,1895.78,1847.48,1894.3101,6033680000
9/3/2004,1855.78,1876.24,1819.62,1844.48,6186280000
8/27/2004,1843.79,1866.25,1828.51,1862.09,6041290000
8/20/2004,1759.58,1843.12,1759.58,1838.02,7014440000
8/13/2004,1782.35,1808.7,1750.8199,1757.22,7506620000
8/6/2004,1874.9301,1893.13,1775.5699,1776.89,7954760000
7/30/2004,1852.42,1896.3101,1829.0601,1887.36,8494510000
7/23/2004,1889.0601,1933.03,1846.55,1849.09,9175090000
7/16/2004,1936.17,1945.17,1882.9301,1883.15,8234800000
7/9/2004,1994.7,1995.4,1934.5699,1946.33,6867760000
7/2/2004,2038.98,2055.6499,1996.61,2006.66,7886310000
6/25/2004,1990.8199,2033.87,1964.53,2025.47,8485240000
6/18/2004,1987.75,2006.58,1963.48,1986.73,7430730000
6/10/2004,1991.67,2023.54,1988.89,1999.87,5815930000
6/4/2004,1978.52,1998.3199,1960.26,1978.62,5923420000
5/28/2004,1924.87,1991.87,1913.73,1986.74,7658160000
5/21/2004,1881.0601,1936.04,1865.4,1912.09,7716470000
5/14/2004,1904.73,1937.87,1878.77,1904.25,8513610000
5/7/2004,1928.72,1969.97,1917.96,1917.96,8764540000
4/30/2004,2052.25,2059.0801,1919.39,1920.15,10282510000
4/23/2004,1995.37,2051.75,1973.25,2049.77,9723710000
4/16/2004,2057.6399,2073.4199,1982.14,1995.74,9113230000
4/8/2004,2055.99,2079.1201,2038.74,2052.8799,7016500000
4/2/2004,1975.4301,2057.1699,1975.4301,2057.1699,9183180000
3/26/2004,1929.02,1976.76,1896.91,1960.02,9205300000
3/19/2004,1977.78,1980.3101,1927.6899,1940.47,8689140000
3/12/2004,2052.0701,2058.25,1943.89,1984.73,10208030000
3/5/2004,2036.92,2069.02,2020.29,2047.63,9229020000
2/27/2004,2044.41,2045.1,1991.05,2029.8199,9354510000
2/20/2004,2068.4199,2094.9199,2022.79,2037.9301,7379170000
2/13/2004,2069.29,2091.22,2049.76,2053.5601,9343520000
2/6/2004,2072.1299,2085.49,2012.79,2064.01,9839640000
1/30/2004,2120.5601,2153.8301,2041.0699,2066.1499,10985800000
1/23/2004,2149.03,2152.1201,2108.45,2123.8701,9603330000
1/16/2004,2093.54,2140.47,2080.29,2140.46,11619660000
1/9/2004,2020.78,2113.3301,2020.78,2086.9199,12097120000
1/2/2004,1976.9301,2022.37,1976.9301,2006.6801,6399970000
12/26/2003,1946.1899,1979.74,1941.62,1973.14,3778030000
12/19/2003,1978.77,1979.78,1901.66,1951.02,8686920000
12/12/2003,1937.48,1956.97,1887.46,1949,8608220000
12/5/2003,1972.97,2000.92,1935.58,1937.8199,9664520000
11/28/2003,1907.29,1963.0601,1907.29,1960.26,5855960000
11/21/2003,1919.01,1926,1878.0699,1893.88,8978510000
11/14/2003,1972.1,1977.79,1923.5,1930.26,8926740000
11/7/2003,1941.3101,1992.27,1938.22,1970.74,10288720000
10/31/2003,1876.03,1957.53,1873.62,1932.21,9555100000
10/24/2003,1913.79,1944.34,1841.62,1865.59,8878720000
10/17/2003,1924.0601,1966.87,1910.24,1912.36,8786230000
10/10/2003,1884.64,1936.9301,1876,1915.3101,8566410000
10/3/2003,1801.55,1891.62,1783.46,1880.5699,8971580000
9/26/2003,1881.42,1904.13,1792.0601,1792.0699,9671440000
9/19/2003,1857.12,1913.74,1843.79,1905.7,9052530000
9/12/2003,1863.88,1888.65,1819.42,1855.03,9716520000
9/5/2003,1817.92,1879.7,1804.3,1858.24,7945520000
8/29/2003,1763.78,1813.8199,1737.15,1810.45,6523120000
8/22/2003,1707.17,1812.49,1706.9301,1765.3199,8135130000
8/15/2003,1646.95,1705.33,1646.59,1702.01,5998340000
8/8/2003,1714.84,1723.27,1640.88,1644.03,8153430000
8/1/2003,1734.6801,1757.37,1713.21,1715.62,8095890000
7/25/2003,1706.15,1740.8,1675.1801,1730.7,8533230000
7/18/2003,1757.4301,1776.1,1688.8199,1708.5,9324940000
7/11/2003,1685.41,1758.1801,1685.41,1733.9301,9219170000
7/3/2003,1634.86,1683.77,1598.92,1663.46,6316200000
6/27/2003,1642.33,1653.74,1598.25,1625.26,7992870000
6/20/2003,1633.8,1686.1,1629.59,1644.72,9688100000
6/13/2003,1623,1661.12,1597.3199,1626.49,9184390000
6/6/2003,1612.1,1684.0601,1584.7,1627.42,12512810000
5/30/2003,1504.87,1599.92,1504.22,1595.91,8518570000
5/23/2003,1530.38,1536.04,1478.15,1510.09,8205560000
5/16/2003,1518.52,1552.98,1512.72,1538.53,9235540000
5/9/2003,1508.3101,1531.8199,1486.91,1520.15,9163660000
5/2/2003,1437.86,1504.22,1435.35,1502.88,8067560000
4/25/2003,1425.96,1468.08,1413.71,1434.54,7880770000
4/17/2003,1361.35,1425.5,1359.3199,1425.5,5665140000
4/11/2003,1425.23,1430.11,1351.1,1358.85,6613830000
4/4/2003,1351.61,1412.08,1336.61,1383.51,7430390000
3/28/2003,1390.04,1400.14,1367.89,1369.6,6979320000
3/21/2003,1329.95,1425.73,1326.28,1421.84,8721690000
3/14/2003,1295.46,1352.84,1253.22,1340.33,7305440000
3/7/2003,1344.21,1353.3101,1280.72,1305.29,6534260000
2/28/2003,1342.5,1343.09,1291.96,1337.52,6418010000
2/21/2003,1319.99,1352.0699,1316.04,1349.02,5146480000
2/14/2003,1286.51,1315.04,1261.79,1310.17,6369550000
2/7/2003,1324.74,1335.76,1278.54,1282.47,6440000000
1/31/2003,1329.8101,1363.3101,1303.64,1320.91,7355490000
1/24/2003,1380.4301,1393.67,1340.22,1342.14,5967790000
1/17/2003,1461.73,1467.35,1376.1801,1376.1899,7018850000
1/10/2003,1390.1899,1457.45,1390.09,1447.72,8118770000
1/3/2003,1349.4301,1389.4399,1327.1899,1387.08,4680480000
12/27/2002,1359.92,1392.58,1346.65,1348.3101,3334210000
12/20/2002,1367.74,1408.16,1346.1801,1363.05,7919220000
12/13/2002,1411.4,1411.6899,1362.42,1362.42,7170580000
12/6/2002,1507.9399,1521.4399,1391.1,1422.4399,8455270000
11/29/2002,1470.64,1497.4399,1441.12,1478.78,6456380000
11/22/2002,1422.54,1475.35,1367.76,1468.74,9559890000
11/15/2002,1355.1,1413.53,1319.0699,1411.14,8185550000
11/8/2002,1394.5699,1420.03,1354.28,1359.28,9628960000
11/1/2002,1345.72,1360.83,1279.1899,1360.7,8514680000
10/25/2002,1276.76,1331.33,1267.76,1331.13,8308730000
10/18/2002,1198.5,1288.08,1193.42,1287.86,8287810000
10/11/2002,1135.79,1220.12,1108.49,1210.47,8755900000
10/4/2002,1187.48,1222.72,1135.27,1139.9,8388810000
9/27/2002,1209.13,1239.62,1169.04,1199.16,7909610000
9/20/2002,1286.85,1298.5,1216.1899,1221.09,7485740000
9/13/2002,1286.75,1347.27,1270.59,1291.4,6222990000
9/6/2002,1302.67,1304.02,1251,1295.3,5728440000
8/30/2002,1387.2,1396.4,1295.79,1314.85,6570230000
8/23/2002,1362.29,1426.76,1359.14,1380.62,7414220000
8/16/2002,1293.88,1368.6899,1265.1899,1361.01,7286200000
8/9/2002,1243.38,1322.0699,1205.6801,1306.12,7251460000
8/2/2002,1286.8101,1354.48,1235.5699,1247.92,8274390000
7/26/2002,1309.84,1332.1,1192.42,1262.12,10465840000
7/19/2002,1365.79,1426.28,1309.9399,1319.15,11074510000
7/12/2002,1439.85,1452.5601,1323.59,1373.5,9566360000
7/5/2002,1457.04,1459.84,1336.0601,1448.36,8825220000
6/28/2002,1429.5601,1486.25,1375.53,1463.21,10510860000
6/21/2002,1519.65,1567.99,1435.85,1440.96,8580670000
6/14/2002,1536.98,1551.8,1445.4399,1504.74,8667260000
6/7/2002,1613.5,1621.5,1495.8101,1535.48,8879440000
5/31/2002,1670.35,1671.35,1607.3,1615.73,6006430000
5/24/2002,1726.78,1726.89,1643.96,1661.49,7798370000
5/17/2002,1611.26,1759.33,1602.6,1741.39,9811570000
5/10/2002,1611.05,1696.35,1560.29,1600.85,9946040000
5/3/2002,1668.52,1697.03,1605.97,1613.03,10174560000
4/26/2002,1779.1801,1779.1801,1663.78,1663.89,9449800000
4/19/2002,1761.95,1832.01,1740.61,1796.83,8597560000
4/12/2002,1741.1,1795.62,1724.15,1756.1899,8467000000
4/5/2002,1834.59,1865.37,1769.95,1770.03,8199990000
3/28/2002,1855.65,1863.05,1807.47,1845.35,6380610000
3/22/2002,1882.73,1893.26,1825.99,1851.39,7730000000
3/15/2002,1919.73,1946.23,1845.9301,1868.3,8369270000
3/8/2002,1799.6801,1935.09,1789.72,1929.67,10236970000
3/1/2002,1731.4301,1802.89,1728.65,1802.74,8998970000
2/22/2002,1790.9399,1791.01,1696.55,1724.54,7340470000
2/15/2002,1816.9399,1877.74,1801.67,1805.2,8091380000
2/8/2002,1907.58,1907.58,1772.15,1818.88,9784390000
2/1/2002,1951.12,1959.05,1851.49,1911.24,8937960000
1/25/2002,1946.87,1959.9301,1879.24,1937.7,7251520000
1/18/2002,2012.59,2018.42,1922.7,1930.34,8980190000
1/11/2002,2075.24,2098.8799,2018.6801,2022.46,9703400000
1/4/2002,1984.3101,2077.8899,1936.5601,2059.3799,7347750000
12/28/2001,1946.84,2002.72,1942.0699,1987.26,4261080000
12/21/2001,1950.9399,2010.91,1918.5,1945.83,10015570000
12/14/2001,2007.67,2036.54,1934.6,1953.17,9535810000
12/7/2001,1915.13,2065.6899,1898.98,2021.26,10312080000
11/30/2001,1914.53,1965.09,1887.97,1930.58,9565670000
11/23/2001,1912.48,1934.7,1853.67,1903.2,6060890000
11/16/2001,1826.25,1922.45,1782.48,1898.58,9698750000
11/9/2001,1768.29,1888.39,1768.29,1828.48,9570650000
11/2/2001,1763.42,1767.97,1646.3,1745.73,8764110000
10/26/2001,1666.08,1792.87,1660.22,1768.96,9524140000
10/19/2001,1684.04,1754.01,1628.24,1671.3101,9106910000
10/12/2001,1582.9301,1707.4301,1558.8101,1703.4,9521370000
10/5/2001,1491.45,1641.5601,1458.41,1605.3,10398130000
9/28/2001,1459.47,1528.33,1418.15,1498.8,10152320000
9/21/2001,1613.83,1629.1,1387.0601,1423.1899,11976440000
9/10/2001,1673.78,1702.12,1669.9399,1695.38,1612970000
9/7/2001,1802.29,1836.1899,1676.42,1687.7,7087720000
8/31/2001,1912.7,1933.9399,1777.11,1805.4301,7063620000
8/24/2001,1866.29,1916.83,1817.7,1916.8,6994230000
8/17/2001,1963.04,1998.59,1862.76,1867.01,6758130000
8/10/2001,2047.86,2053.6001,1915.99,1956.47,6916100000
8/3/2001,2034.11,2103.1599,2009.9399,2066.3301,7665290000
7/27/2001,2043.84,2047.85,1939.28,2029.0699,7982720000
7/20/2001,2078.53,2091.6799,2003.95,2029.37,8471500000
7/13/2001,2010.97,2105.1499,1934.67,2084.79,8284340000
7/6/2001,2156.76,2181.05,2001.8199,2004.16,5113950000
6/29/2001,2054.3401,2180.1101,2017.34,2160.54,8880100000
6/22/2001,2035.34,2077.4299,1973.7,2034.84,9554260000
6/15/2001,2205.4099,2205.4099,1992.39,2028.4301,8552080000
6/8/2001,2164.7,2264.5801,2136.6299,2215.1001,8035640000
6/1/2001,2239.9199,2239.9199,2077.98,2149.4399,7000660000
5/25/2001,2201.45,2328.05,2198.1399,2251.03,9763050000
5/18/2001,2105.3601,2216.3601,2052.4099,2198.8799,9074670000
5/11/2001,2194.04,2215.3701,2097.3601,2107.4299,8608020000
5/4/2001,2113.1101,2232.6599,2088.6101,2191.53,10601830000
4/27/2001,2118.3601,2118.77,2000.83,2075.6799,9638300000
4/20/2001,1934.7,2202.8601,1869.34,2163.4099,12001430000
4/12/2001,1739.66,1961.5699,1710.76,1961.4301,7927100000
4/6/2001,1835.22,1852.49,1619.58,1720.36,11055950000
3/30/2001,1957.71,1979.75,1794.3,1840.26,9961390000
3/23/2001,1901.45,1974.14,1794.21,1928.6801,10689590000
3/16/2001,2001.6801,2030.73,1877.6899,1890.91,10459500000
3/9/2001,2142.75,2243.78,2041.78,2052.78,8977800000
3/2/2001,2287.8799,2309.73,2071.03,2117.6299,10261280000
2/23/2001,2439.5701,2442.99,2156.29,2262.51,8619460000
2/16/2001,2458.6499,2593.0901,2388.3999,2425.3799,9466250000
2/9/2001,2639.6499,2705.5901,2455.8701,2470.97,9228870000
2/2/2001,2757.29,2872.47,2660.1101,2660.5,9804190000
1/26/2001,2759.1001,2892.3601,2686.6499,2781.3,11449880000
1/19/2001,2631.49,2841.25,2576.95,2770.3799,10149030000
1/12/2001,2388.72,2699.8701,2299.6499,2626.5,11657560000
1/5/2001,2474.1599,2644.8,2251.71,2407.6499,9822280000
12/29/2000,2518.29,2577.02,2436.1899,2470.52,8285240000
12/22/2000,2698.72,2726.2,2288.1599,2517.02,12160720000
12/15/2000,2936.6001,3028.75,2596.03,2653.27,10950370000
12/8/2000,2662.5601,2929.95,2567.1799,2917.4299,10728890000
12/1/2000,2979.9299,2998.75,2523.04,2645.29,10640500000
11/24/2000,2943.1101,2949.5,2754.1399,2904.3799,6132400000
11/17/2000,2956.0901,3208.95,2859.3899,3027.1899,8824140000
11/10/2000,3469.3501,3480.01,3028.9199,3028.99,8709340000
11/3/2000,3243.8799,3468.5901,3149.24,3451.5801,9985360000
10/27/2000,3483.3799,3526.71,3081.3601,3278.3601,9997780000
10/20/2000,3315.48,3535.1101,3026.1101,3483.1399,10760270000
10/13/2000,3352.1499,3383.3999,3054.55,3316.77,9852060000
10/6/2000,3714.48,3714.48,3314.9099,3361.01,9631040000
9/29/2000,3852.53,3868.1101,3622.6599,3672.8201,9568280000
9/22/2000,3838.6299,3913.8701,3614.6599,3803.76,8903760000
9/15/2000,3961.1599,4008.46,3794.29,3835.23,8213880000
9/8/2000,4205.9399,4206.5098,3977.47,3978.4099,6568470000
9/1/2000,4049.1799,4259.8701,4048.01,4234.3301,7775590000
8/25/2000,3966.23,4083.1201,3902.1101,4042.6799,6977080000
8/18/2000,3804.6899,3980.26,3767.3701,3930.3401,6875350000
8/11/2000,3819.3799,3936.46,3686.8601,3789.47,6981850000
8/4/2000,3692.4299,3846.98,3521.1399,3787.3601,7598570000
7/28/2000,4109.6499,4125.7998,3642.28,3663,8246960000
7/21/2000,4243.5498,4289.0601,4047.4299,4094.45,7797600000
7/14/2000,3993.6201,4252.2202,3936.75,4246.1802,8446600000
7/7/2000,3950.5901,4054.05,3820.3401,4023.2,4912370000
6/30/2000,3884.6499,3974.48,3838.8501,3966.1101,8070490000
6/23/2000,3818.6499,4073.73,3818.6499,3845.3401,7632320000
6/16/2000,3892.05,3892.05,3695.3501,3860.5601,7007910000
6/9/2000,3773.24,3893.6699,3725.8701,3874.8401,7158210000
6/2/2000,3286.54,3814.5,3286.54,3813.3799,6474540000
5/26/2000,3390.95,3390.95,3042.6599,3205.1101,7665180000
5/19/2000,3533.21,3729.1201,3381.73,3390.3999,6504000000
5/12/2000,3758.46,3765.22,3367.0601,3529.0601,6767870000
5/5/2000,3930.1799,3982.3799,3592.79,3816.8201,6903840000
4/28/2000,3466.6899,3873.8501,3345.25,3860.6599,7888920000
4/20/2000,3232.9399,3851.5601,3227.04,3643.8799,7818550000
4/14/2000,4475.2002,4475.2002,3265.98,3321.29,9553900000
4/7/2000,4494.8901,4572.8398,3649.1101,4446.4502,9886600000
3/31/2000,4994.4199,5022.23,4355.6899,4572.8301,8652700000
3/24/2000,4812.1401,5078.8599,4467.5298,4963.0298,8465810000
3/17/2000,4879.0298,5027.73,4455.1001,4798.1299,9384930000
3/10/2000,4935.6499,5132.52,4722.1401,5048.6201,10191100000
3/3/2000,4575.0698,4914.79,4466.4199,4914.79,10392860000
2/25/2000,4432.8301,4662.9302,4291.0098,4590.5,7434640000
2/18/2000,4434.3799,4564.4502,4291.1001,4411.7402,8998760000
2/11/2000,4274.0298,4489.79,4244.7402,4395.4502,8924490000
2/4/2000,3873.8401,4294.8398,3748.03,4244.1401,7907530000
1/28/2000,4290.3799,4303.1499,3856.23,3887.0701,8864510000
1/21/2000,4059.6499,4238,4053.21,4235.3999,7012420000
1/14/2000,4002.23,4091.95,3834.53,4064.27,8045670000
